run_id,model,model_params,model_unique_name,inp,out,n_samples,m__batch_size,m__num_epochs,m__criterion,m__optimizer,m__scheduler,m__augmentations,m__earlystop_patience,trial,model_name,m__description,m__n_params,train_curve_loss,train_curve_balanced_accuracy_score,train_curve_accuracy_score,train_curve_explained_deviance,train_curve_mz_rsquare,val_curve_loss,val_curve_balanced_accuracy_score,val_curve_accuracy_score,val_curve_explained_deviance,val_curve_mz_rsquare,val_lbls,val_preds,val_ids,val_loss,val_balanced_accuracy_score,val_accuracy_score,val_explained_deviance,val_mz_rsquare,runtime
run0,PMDNResNet50DeepRepViz,"{'dataset_size': 14617, 'batch_size': 4, 'task_type': 'classif_binary', 'out_classes': 1, 'debug_print': True, 'pretrained_model': '/ritter/share/data/UKBB_2020/trained_model/r3d50_K_200ep.pth'}",PMDN_highalc,X,highalc,50,4,5,BCEWithLogitsLoss({'reduction': 'mean'}),"Adam({'lr': 0.0005, 'weight_decay': 0.0001})","StepLR({'step_size': 20, 'gamma': 0.1})","['SagittalFlip', 'SagittalTranslate']",0,0,PMDN_highalc,"PMDNResNet50DeepRepViz(
  (feature_extractor): PMDNResNet(
    (conv1): Conv3d(1, 64, kernel_size=(7, 7, 7), stride=(1, 2, 2), padding=(3, 3, 3), bias=False)
    (bn1): BatchNorm3d(64, eps=1e-05, momentum=0.1, affine=True, track_running_stats=True)
    (relu): ReLU(inplace=True)
    (maxpool): MaxPool3d(kernel_size=3, stride=2, padding=1, dilation=1, ceil_mode=False)
    (layer1): Sequential(
      (0): Bottleneck(
        (conv1): Conv3d(64, 64, kernel_size=(1, 1, 1), stride=(1, 1, 1), bias=False)
        (bn1): BatchNorm3d(64, eps=1e-05, momentum=0.1, affine=True, track_running_stats=True)
        (conv2): Conv3d(64, 64, kernel_size=(3, 3, 3), stride=(1, 1, 1), padding=(1, 1, 1), bias=False)
        (bn2): BatchNorm3d(64, eps=1e-05, momentum=0.1, affine=True, track_running_stats=True)
        (conv3): Conv3d(64, 256, kernel_size=(1, 1, 1), stride=(1, 1, 1), bias=False)
        (bn3): BatchNorm3d(256, eps=1e-05, momentum=0.1, affine=True, track_running_stats=True)
        (relu): ReLU(inplace=True)
        (downsample): Sequential(
          (0): Conv3d(64, 256, kernel_size=(1, 1, 1), stride=(1, 1, 1), bias=False)
          (1): BatchNorm3d(256, eps=1e-05, momentum=0.1, affine=True, track_running_stats=True)
        )
      )
      (1): Bottleneck(
        (conv1): Conv3d(256, 64, kernel_size=(1, 1, 1), stride=(1, 1, 1), bias=False)
        (bn1): BatchNorm3d(64, eps=1e-05, momentum=0.1, affine=True, track_running_stats=True)
        (conv2): Conv3d(64, 64, kernel_size=(3, 3, 3), stride=(1, 1, 1), padding=(1, 1, 1), bias=False)
        (bn2): BatchNorm3d(64, eps=1e-05, momentum=0.1, affine=True, track_running_stats=True)
        (conv3): Conv3d(64, 256, kernel_size=(1, 1, 1), stride=(1, 1, 1), bias=False)
        (bn3): BatchNorm3d(256, eps=1e-05, momentum=0.1, affine=True, track_running_stats=True)
        (relu): ReLU(inplace=True)
      )
      (2): Bottleneck(
        (conv1): Conv3d(256, 64, kernel_size=(1, 1, 1), stride=(1, 1, 1), bias=False)
        (bn1): BatchNorm3d(64, eps=1e-05, momentum=0.1, affine=True, track_running_stats=True)
        (conv2): Conv3d(64, 64, kernel_size=(3, 3, 3), stride=(1, 1, 1), padding=(1, 1, 1), bias=False)
        (bn2): BatchNorm3d(64, eps=1e-05, momentum=0.1, affine=True, track_running_stats=True)
        (conv3): Conv3d(64, 256, kernel_size=(1, 1, 1), stride=(1, 1, 1), bias=False)
        (bn3): BatchNorm3d(256, eps=1e-05, momentum=0.1, affine=True, track_running_stats=True)
        (relu): ReLU(inplace=True)
      )
    )
    (layer2): Sequential(
      (0): Bottleneck(
        (conv1): Conv3d(256, 128, kernel_size=(1, 1, 1), stride=(1, 1, 1), bias=False)
        (bn1): BatchNorm3d(128, eps=1e-05, momentum=0.1, affine=True, track_running_stats=True)
        (conv2): Conv3d(128, 128, kernel_size=(3, 3, 3), stride=(2, 2, 2), padding=(1, 1, 1), bias=False)
        (bn2): BatchNorm3d(128, eps=1e-05, momentum=0.1, affine=True, track_running_stats=True)
        (conv3): Conv3d(128, 512, kernel_size=(1, 1, 1), stride=(1, 1, 1), bias=False)
        (bn3): BatchNorm3d(512, eps=1e-05, momentum=0.1, affine=True, track_running_stats=True)
        (relu): ReLU(inplace=True)
        (downsample): Sequential(
          (0): Conv3d(256, 512, kernel_size=(1, 1, 1), stride=(2, 2, 2), bias=False)
          (1): BatchNorm3d(512, eps=1e-05, momentum=0.1, affine=True, track_running_stats=True)
        )
      )
      (1): Bottleneck(
        (conv1): Conv3d(512, 128, kernel_size=(1, 1, 1), stride=(1, 1, 1), bias=False)
        (bn1): BatchNorm3d(128, eps=1e-05, momentum=0.1, affine=True, track_running_stats=True)
        (conv2): Conv3d(128, 128, kernel_size=(3, 3, 3), stride=(1, 1, 1), padding=(1, 1, 1), bias=False)
        (bn2): BatchNorm3d(128, eps=1e-05, momentum=0.1, affine=True, track_running_stats=True)
        (conv3): Conv3d(128, 512, kernel_size=(1, 1, 1), stride=(1, 1, 1), bias=False)
        (bn3): BatchNorm3d(512, eps=1e-05, momentum=0.1, affine=True, track_running_stats=True)
        (relu): ReLU(inplace=True)
      )
      (2): Bottleneck(
        (conv1): Conv3d(512, 128, kernel_size=(1, 1, 1), stride=(1, 1, 1), bias=False)
        (bn1): BatchNorm3d(128, eps=1e-05, momentum=0.1, affine=True, track_running_stats=True)
        (conv2): Conv3d(128, 128, kernel_size=(3, 3, 3), stride=(1, 1, 1), padding=(1, 1, 1), bias=False)
        (bn2): BatchNorm3d(128, eps=1e-05, momentum=0.1, affine=True, track_running_stats=True)
        (conv3): Conv3d(128, 512, kernel_size=(1, 1, 1), stride=(1, 1, 1), bias=False)
        (bn3): BatchNorm3d(512, eps=1e-05, momentum=0.1, affine=True, track_running_stats=True)
        (relu): ReLU(inplace=True)
      )
      (3): Bottleneck(
        (conv1): Conv3d(512, 128, kernel_size=(1, 1, 1), stride=(1, 1, 1), bias=False)
        (bn1): BatchNorm3d(128, eps=1e-05, momentum=0.1, affine=True, track_running_stats=True)
        (conv2): Conv3d(128, 128, kernel_size=(3, 3, 3), stride=(1, 1, 1), padding=(1, 1, 1), bias=False)
        (bn2): BatchNorm3d(128, eps=1e-05, momentum=0.1, affine=True, track_running_stats=True)
        (conv3): Conv3d(128, 512, kernel_size=(1, 1, 1), stride=(1, 1, 1), bias=False)
        (bn3): BatchNorm3d(512, eps=1e-05, momentum=0.1, affine=True, track_running_stats=True)
        (relu): ReLU(inplace=True)
      )
    )
    (layer3): Sequential(
      (0): Bottleneck(
        (conv1): Conv3d(512, 256, kernel_size=(1, 1, 1), stride=(1, 1, 1), bias=False)
        (bn1): BatchNorm3d(256, eps=1e-05, momentum=0.1, affine=True, track_running_stats=True)
        (conv2): Conv3d(256, 256, kernel_size=(3, 3, 3), stride=(2, 2, 2), padding=(1, 1, 1), bias=False)
        (bn2): BatchNorm3d(256, eps=1e-05, momentum=0.1, affine=True, track_running_stats=True)
        (conv3): Conv3d(256, 1024, kernel_size=(1, 1, 1), stride=(1, 1, 1), bias=False)
        (bn3): BatchNorm3d(1024, eps=1e-05, momentum=0.1, affine=True, track_running_stats=True)
        (relu): ReLU(inplace=True)
        (downsample): Sequential(
          (0): Conv3d(512, 1024, kernel_size=(1, 1, 1), stride=(2, 2, 2), bias=False)
          (1): BatchNorm3d(1024, eps=1e-05, momentum=0.1, affine=True, track_running_stats=True)
        )
      )
      (1): Bottleneck(
        (conv1): Conv3d(1024, 256, kernel_size=(1, 1, 1), stride=(1, 1, 1), bias=False)
        (bn1): BatchNorm3d(256, eps=1e-05, momentum=0.1, affine=True, track_running_stats=True)
        (conv2): Conv3d(256, 256, kernel_size=(3, 3, 3), stride=(1, 1, 1), padding=(1, 1, 1), bias=False)
        (bn2): BatchNorm3d(256, eps=1e-05, momentum=0.1, affine=True, track_running_stats=True)
        (conv3): Conv3d(256, 1024, kernel_size=(1, 1, 1), stride=(1, 1, 1), bias=False)
        (bn3): BatchNorm3d(1024, eps=1e-05, momentum=0.1, affine=True, track_running_stats=True)
        (relu): ReLU(inplace=True)
      )
      (2): Bottleneck(
        (conv1): Conv3d(1024, 256, kernel_size=(1, 1, 1), stride=(1, 1, 1), bias=False)
        (bn1): BatchNorm3d(256, eps=1e-05, momentum=0.1, affine=True, track_running_stats=True)
        (conv2): Conv3d(256, 256, kernel_size=(3, 3, 3), stride=(1, 1, 1), padding=(1, 1, 1), bias=False)
        (bn2): BatchNorm3d(256, eps=1e-05, momentum=0.1, affine=True, track_running_stats=True)
        (conv3): Conv3d(256, 1024, kernel_size=(1, 1, 1), stride=(1, 1, 1), bias=False)
        (bn3): BatchNorm3d(1024, eps=1e-05, momentum=0.1, affine=True, track_running_stats=True)
        (relu): ReLU(inplace=True)
      )
      (3): Bottleneck(
        (conv1): Conv3d(1024, 256, kernel_size=(1, 1, 1), stride=(1, 1, 1), bias=False)
        (bn1): BatchNorm3d(256, eps=1e-05, momentum=0.1, affine=True, track_running_stats=True)
        (conv2): Conv3d(256, 256, kernel_size=(3, 3, 3), stride=(1, 1, 1), padding=(1, 1, 1), bias=False)
        (bn2): BatchNorm3d(256, eps=1e-05, momentum=0.1, affine=True, track_running_stats=True)
        (conv3): Conv3d(256, 1024, kernel_size=(1, 1, 1), stride=(1, 1, 1), bias=False)
        (bn3): BatchNorm3d(1024, eps=1e-05, momentum=0.1, affine=True, track_running_stats=True)
        (relu): ReLU(inplace=True)
      )
      (4): Bottleneck(
        (conv1): Conv3d(1024, 256, kernel_size=(1, 1, 1), stride=(1, 1, 1), bias=False)
        (bn1): BatchNorm3d(256, eps=1e-05, momentum=0.1, affine=True, track_running_stats=True)
        (conv2): Conv3d(256, 256, kernel_size=(3, 3, 3), stride=(1, 1, 1), padding=(1, 1, 1), bias=False)
        (bn2): BatchNorm3d(256, eps=1e-05, momentum=0.1, affine=True, track_running_stats=True)
        (conv3): Conv3d(256, 1024, kernel_size=(1, 1, 1), stride=(1, 1, 1), bias=False)
        (bn3): BatchNorm3d(1024, eps=1e-05, momentum=0.1, affine=True, track_running_stats=True)
        (relu): ReLU(inplace=True)
      )
      (5): Bottleneck(
        (conv1): Conv3d(1024, 256, kernel_size=(1, 1, 1), stride=(1, 1, 1), bias=False)
        (bn1): BatchNorm3d(256, eps=1e-05, momentum=0.1, affine=True, track_running_stats=True)
        (conv2): Conv3d(256, 256, kernel_size=(3, 3, 3), stride=(1, 1, 1), padding=(1, 1, 1), bias=False)
        (bn2): BatchNorm3d(256, eps=1e-05, momentum=0.1, affine=True, track_running_stats=True)
        (conv3): Conv3d(256, 1024, kernel_size=(1, 1, 1), stride=(1, 1, 1), bias=False)
        (bn3): BatchNorm3d(1024, eps=1e-05, momentum=0.1, affine=True, track_running_stats=True)
        (relu): ReLU(inplace=True)
      )
    )
    (layer4): Sequential(
      (0): Bottleneck(
        (conv1): Conv3d(1024, 512, kernel_size=(1, 1, 1), stride=(1, 1, 1), bias=False)
        (bn1): BatchNorm3d(512, eps=1e-05, momentum=0.1, affine=True, track_running_stats=True)
        (conv2): Conv3d(512, 512, kernel_size=(3, 3, 3), stride=(2, 2, 2), padding=(1, 1, 1), bias=False)
        (bn2): BatchNorm3d(512, eps=1e-05, momentum=0.1, affine=True, track_running_stats=True)
        (conv3): Conv3d(512, 2048, kernel_size=(1, 1, 1), stride=(1, 1, 1), bias=False)
        (bn3): BatchNorm3d(2048, eps=1e-05, momentum=0.1, affine=True, track_running_stats=True)
        (relu): ReLU(inplace=True)
        (downsample): Sequential(
          (0): Conv3d(1024, 2048, kernel_size=(1, 1, 1), stride=(2, 2, 2), bias=False)
          (1): BatchNorm3d(2048, eps=1e-05, momentum=0.1, affine=True, track_running_stats=True)
        )
      )
      (1): Bottleneck(
        (conv1): Conv3d(2048, 512, kernel_size=(1, 1, 1), stride=(1, 1, 1), bias=False)
        (bn1): BatchNorm3d(512, eps=1e-05, momentum=0.1, affine=True, track_running_stats=True)
        (conv2): Conv3d(512, 512, kernel_size=(3, 3, 3), stride=(1, 1, 1), padding=(1, 1, 1), bias=False)
        (bn2): BatchNorm3d(512, eps=1e-05, momentum=0.1, affine=True, track_running_stats=True)
        (conv3): Conv3d(512, 2048, kernel_size=(1, 1, 1), stride=(1, 1, 1), bias=False)
        (bn3): BatchNorm3d(2048, eps=1e-05, momentum=0.1, affine=True, track_running_stats=True)
        (relu): ReLU(inplace=True)
      )
      (2): Bottleneck(
        (conv1): Conv3d(2048, 512, kernel_size=(1, 1, 1), stride=(1, 1, 1), bias=False)
        (bn1): BatchNorm3d(512, eps=1e-05, momentum=0.1, affine=True, track_running_stats=True)
        (conv2): Conv3d(512, 512, kernel_size=(3, 3, 3), stride=(1, 1, 1), padding=(1, 1, 1), bias=False)
        (bn2): BatchNorm3d(512, eps=1e-05, momentum=0.1, affine=True, track_running_stats=True)
        (conv3): Conv3d(512, 2048, kernel_size=(1, 1, 1), stride=(1, 1, 1), bias=False)
        (bn3): BatchNorm3d(2048, eps=1e-05, momentum=0.1, affine=True, track_running_stats=True)
        (relu): ReLU(inplace=True)
      )
    )
    (ln1): LayerNorm((6, 4, 3), eps=1e-05, elementwise_affine=True)
    (pmdn1): PMDNLayer()
    (avgpool): AdaptiveAvgPool3d(output_size=(1, 1, 1))
  )
  (features_3D): Linear(in_features=2048, out_features=256, bias=True)
  (relu): ReLU(inplace=True)
  (classifier): Linear(in_features=256, out_features=1, bias=True)
)",47122385,"[0.6832167506217957, 0.6663204491138458, 0.6461677312850952, 0.6398061007261276, 0.6229620665311814]","[0.5, 0.5, 0.5, 0.5, 0.5]","[0.75, 0.6, 0.7, 0.7, 0.8]","[-0.20996940938549513, 0.005176073974343276, -0.06295268478465266, -0.07177290211587062, -0.15105630036850015]","[0.0002027866924334736, 0.0020139862156223075, 0.008444205886449991, 0.018532270421374203, 0.03175046281435163]","[0.6682898104190826, 0.6297996342182159, 0.5910980403423309, 0.5690775811672211, 0.5538266897201538]","[0.5, 0.5, 0.5, 0.5, 0.5]","[0.875, 0.875, 0.875, 0.875, 0.875]","[-0.7737333966179258, -0.6715750586927192, -0.56885571762029, -0.510410498927298, -0.469932488945376]","[0.00041588309620607444, 0.0038905542314688125, 0.01379891596501277, 0.024775165300559482, 0.036082599351762085]","[0.0, 0.0, 0.0, 0.0, 0.0, 0.0, 1.0, 0.0]","[-0.2786599397659302, -0.893060028553009, -1.2267218828201294, -0.5976833701133728, -0.2779174745082855, -0.8910077810287476, -1.2267072200775146, -0.6012579202651978]","[1001109, 1001136, 1001158, 1001163, 1001174, 1001180, 1001191, 1001214]",0.5538266897201538,0.5,0.875,-0.469932488945376,0.036082599351762,63
run1,PMDNResNet50DeepRepViz,"{'dataset_size': 14617, 'batch_size': 4, 'task_type': 'classif_binary', 'out_classes': 1, 'debug_print': True, 'pretrained_model': '/ritter/share/data/UKBB_2020/trained_model/r3d50_K_200ep.pth'}",PMDN_highalc,X,highalc,50,4,5,BCEWithLogitsLoss({'reduction': 'mean'}),"Adam({'lr': 0.0005, 'weight_decay': 0.0001})","StepLR({'step_size': 20, 'gamma': 0.1})","['SagittalFlip', 'SagittalTranslate']",0,1,PMDN_highalc,"PMDNResNet50DeepRepViz(
  (feature_extractor): PMDNResNet(
    (conv1): Conv3d(1, 64, kernel_size=(7, 7, 7), stride=(1, 2, 2), padding=(3, 3, 3), bias=False)
    (bn1): BatchNorm3d(64, eps=1e-05, momentum=0.1, affine=True, track_running_stats=True)
    (relu): ReLU(inplace=True)
    (maxpool): MaxPool3d(kernel_size=3, stride=2, padding=1, dilation=1, ceil_mode=False)
    (layer1): Sequential(
      (0): Bottleneck(
        (conv1): Conv3d(64, 64, kernel_size=(1, 1, 1), stride=(1, 1, 1), bias=False)
        (bn1): BatchNorm3d(64, eps=1e-05, momentum=0.1, affine=True, track_running_stats=True)
        (conv2): Conv3d(64, 64, kernel_size=(3, 3, 3), stride=(1, 1, 1), padding=(1, 1, 1), bias=False)
        (bn2): BatchNorm3d(64, eps=1e-05, momentum=0.1, affine=True, track_running_stats=True)
        (conv3): Conv3d(64, 256, kernel_size=(1, 1, 1), stride=(1, 1, 1), bias=False)
        (bn3): BatchNorm3d(256, eps=1e-05, momentum=0.1, affine=True, track_running_stats=True)
        (relu): ReLU(inplace=True)
        (downsample): Sequential(
          (0): Conv3d(64, 256, kernel_size=(1, 1, 1), stride=(1, 1, 1), bias=False)
          (1): BatchNorm3d(256, eps=1e-05, momentum=0.1, affine=True, track_running_stats=True)
        )
      )
      (1): Bottleneck(
        (conv1): Conv3d(256, 64, kernel_size=(1, 1, 1), stride=(1, 1, 1), bias=False)
        (bn1): BatchNorm3d(64, eps=1e-05, momentum=0.1, affine=True, track_running_stats=True)
        (conv2): Conv3d(64, 64, kernel_size=(3, 3, 3), stride=(1, 1, 1), padding=(1, 1, 1), bias=False)
        (bn2): BatchNorm3d(64, eps=1e-05, momentum=0.1, affine=True, track_running_stats=True)
        (conv3): Conv3d(64, 256, kernel_size=(1, 1, 1), stride=(1, 1, 1), bias=False)
        (bn3): BatchNorm3d(256, eps=1e-05, momentum=0.1, affine=True, track_running_stats=True)
        (relu): ReLU(inplace=True)
      )
      (2): Bottleneck(
        (conv1): Conv3d(256, 64, kernel_size=(1, 1, 1), stride=(1, 1, 1), bias=False)
        (bn1): BatchNorm3d(64, eps=1e-05, momentum=0.1, affine=True, track_running_stats=True)
        (conv2): Conv3d(64, 64, kernel_size=(3, 3, 3), stride=(1, 1, 1), padding=(1, 1, 1), bias=False)
        (bn2): BatchNorm3d(64, eps=1e-05, momentum=0.1, affine=True, track_running_stats=True)
        (conv3): Conv3d(64, 256, kernel_size=(1, 1, 1), stride=(1, 1, 1), bias=False)
        (bn3): BatchNorm3d(256, eps=1e-05, momentum=0.1, affine=True, track_running_stats=True)
        (relu): ReLU(inplace=True)
      )
    )
    (layer2): Sequential(
      (0): Bottleneck(
        (conv1): Conv3d(256, 128, kernel_size=(1, 1, 1), stride=(1, 1, 1), bias=False)
        (bn1): BatchNorm3d(128, eps=1e-05, momentum=0.1, affine=True, track_running_stats=True)
        (conv2): Conv3d(128, 128, kernel_size=(3, 3, 3), stride=(2, 2, 2), padding=(1, 1, 1), bias=False)
        (bn2): BatchNorm3d(128, eps=1e-05, momentum=0.1, affine=True, track_running_stats=True)
        (conv3): Conv3d(128, 512, kernel_size=(1, 1, 1), stride=(1, 1, 1), bias=False)
        (bn3): BatchNorm3d(512, eps=1e-05, momentum=0.1, affine=True, track_running_stats=True)
        (relu): ReLU(inplace=True)
        (downsample): Sequential(
          (0): Conv3d(256, 512, kernel_size=(1, 1, 1), stride=(2, 2, 2), bias=False)
          (1): BatchNorm3d(512, eps=1e-05, momentum=0.1, affine=True, track_running_stats=True)
        )
      )
      (1): Bottleneck(
        (conv1): Conv3d(512, 128, kernel_size=(1, 1, 1), stride=(1, 1, 1), bias=False)
        (bn1): BatchNorm3d(128, eps=1e-05, momentum=0.1, affine=True, track_running_stats=True)
        (conv2): Conv3d(128, 128, kernel_size=(3, 3, 3), stride=(1, 1, 1), padding=(1, 1, 1), bias=False)
        (bn2): BatchNorm3d(128, eps=1e-05, momentum=0.1, affine=True, track_running_stats=True)
        (conv3): Conv3d(128, 512, kernel_size=(1, 1, 1), stride=(1, 1, 1), bias=False)
        (bn3): BatchNorm3d(512, eps=1e-05, momentum=0.1, affine=True, track_running_stats=True)
        (relu): ReLU(inplace=True)
      )
      (2): Bottleneck(
        (conv1): Conv3d(512, 128, kernel_size=(1, 1, 1), stride=(1, 1, 1), bias=False)
        (bn1): BatchNorm3d(128, eps=1e-05, momentum=0.1, affine=True, track_running_stats=True)
        (conv2): Conv3d(128, 128, kernel_size=(3, 3, 3), stride=(1, 1, 1), padding=(1, 1, 1), bias=False)
        (bn2): BatchNorm3d(128, eps=1e-05, momentum=0.1, affine=True, track_running_stats=True)
        (conv3): Conv3d(128, 512, kernel_size=(1, 1, 1), stride=(1, 1, 1), bias=False)
        (bn3): BatchNorm3d(512, eps=1e-05, momentum=0.1, affine=True, track_running_stats=True)
        (relu): ReLU(inplace=True)
      )
      (3): Bottleneck(
        (conv1): Conv3d(512, 128, kernel_size=(1, 1, 1), stride=(1, 1, 1), bias=False)
        (bn1): BatchNorm3d(128, eps=1e-05, momentum=0.1, affine=True, track_running_stats=True)
        (conv2): Conv3d(128, 128, kernel_size=(3, 3, 3), stride=(1, 1, 1), padding=(1, 1, 1), bias=False)
        (bn2): BatchNorm3d(128, eps=1e-05, momentum=0.1, affine=True, track_running_stats=True)
        (conv3): Conv3d(128, 512, kernel_size=(1, 1, 1), stride=(1, 1, 1), bias=False)
        (bn3): BatchNorm3d(512, eps=1e-05, momentum=0.1, affine=True, track_running_stats=True)
        (relu): ReLU(inplace=True)
      )
    )
    (layer3): Sequential(
      (0): Bottleneck(
        (conv1): Conv3d(512, 256, kernel_size=(1, 1, 1), stride=(1, 1, 1), bias=False)
        (bn1): BatchNorm3d(256, eps=1e-05, momentum=0.1, affine=True, track_running_stats=True)
        (conv2): Conv3d(256, 256, kernel_size=(3, 3, 3), stride=(2, 2, 2), padding=(1, 1, 1), bias=False)
        (bn2): BatchNorm3d(256, eps=1e-05, momentum=0.1, affine=True, track_running_stats=True)
        (conv3): Conv3d(256, 1024, kernel_size=(1, 1, 1), stride=(1, 1, 1), bias=False)
        (bn3): BatchNorm3d(1024, eps=1e-05, momentum=0.1, affine=True, track_running_stats=True)
        (relu): ReLU(inplace=True)
        (downsample): Sequential(
          (0): Conv3d(512, 1024, kernel_size=(1, 1, 1), stride=(2, 2, 2), bias=False)
          (1): BatchNorm3d(1024, eps=1e-05, momentum=0.1, affine=True, track_running_stats=True)
        )
      )
      (1): Bottleneck(
        (conv1): Conv3d(1024, 256, kernel_size=(1, 1, 1), stride=(1, 1, 1), bias=False)
        (bn1): BatchNorm3d(256, eps=1e-05, momentum=0.1, affine=True, track_running_stats=True)
        (conv2): Conv3d(256, 256, kernel_size=(3, 3, 3), stride=(1, 1, 1), padding=(1, 1, 1), bias=False)
        (bn2): BatchNorm3d(256, eps=1e-05, momentum=0.1, affine=True, track_running_stats=True)
        (conv3): Conv3d(256, 1024, kernel_size=(1, 1, 1), stride=(1, 1, 1), bias=False)
        (bn3): BatchNorm3d(1024, eps=1e-05, momentum=0.1, affine=True, track_running_stats=True)
        (relu): ReLU(inplace=True)
      )
      (2): Bottleneck(
        (conv1): Conv3d(1024, 256, kernel_size=(1, 1, 1), stride=(1, 1, 1), bias=False)
        (bn1): BatchNorm3d(256, eps=1e-05, momentum=0.1, affine=True, track_running_stats=True)
        (conv2): Conv3d(256, 256, kernel_size=(3, 3, 3), stride=(1, 1, 1), padding=(1, 1, 1), bias=False)
        (bn2): BatchNorm3d(256, eps=1e-05, momentum=0.1, affine=True, track_running_stats=True)
        (conv3): Conv3d(256, 1024, kernel_size=(1, 1, 1), stride=(1, 1, 1), bias=False)
        (bn3): BatchNorm3d(1024, eps=1e-05, momentum=0.1, affine=True, track_running_stats=True)
        (relu): ReLU(inplace=True)
      )
      (3): Bottleneck(
        (conv1): Conv3d(1024, 256, kernel_size=(1, 1, 1), stride=(1, 1, 1), bias=False)
        (bn1): BatchNorm3d(256, eps=1e-05, momentum=0.1, affine=True, track_running_stats=True)
        (conv2): Conv3d(256, 256, kernel_size=(3, 3, 3), stride=(1, 1, 1), padding=(1, 1, 1), bias=False)
        (bn2): BatchNorm3d(256, eps=1e-05, momentum=0.1, affine=True, track_running_stats=True)
        (conv3): Conv3d(256, 1024, kernel_size=(1, 1, 1), stride=(1, 1, 1), bias=False)
        (bn3): BatchNorm3d(1024, eps=1e-05, momentum=0.1, affine=True, track_running_stats=True)
        (relu): ReLU(inplace=True)
      )
      (4): Bottleneck(
        (conv1): Conv3d(1024, 256, kernel_size=(1, 1, 1), stride=(1, 1, 1), bias=False)
        (bn1): BatchNorm3d(256, eps=1e-05, momentum=0.1, affine=True, track_running_stats=True)
        (conv2): Conv3d(256, 256, kernel_size=(3, 3, 3), stride=(1, 1, 1), padding=(1, 1, 1), bias=False)
        (bn2): BatchNorm3d(256, eps=1e-05, momentum=0.1, affine=True, track_running_stats=True)
        (conv3): Conv3d(256, 1024, kernel_size=(1, 1, 1), stride=(1, 1, 1), bias=False)
        (bn3): BatchNorm3d(1024, eps=1e-05, momentum=0.1, affine=True, track_running_stats=True)
        (relu): ReLU(inplace=True)
      )
      (5): Bottleneck(
        (conv1): Conv3d(1024, 256, kernel_size=(1, 1, 1), stride=(1, 1, 1), bias=False)
        (bn1): BatchNorm3d(256, eps=1e-05, momentum=0.1, affine=True, track_running_stats=True)
        (conv2): Conv3d(256, 256, kernel_size=(3, 3, 3), stride=(1, 1, 1), padding=(1, 1, 1), bias=False)
        (bn2): BatchNorm3d(256, eps=1e-05, momentum=0.1, affine=True, track_running_stats=True)
        (conv3): Conv3d(256, 1024, kernel_size=(1, 1, 1), stride=(1, 1, 1), bias=False)
        (bn3): BatchNorm3d(1024, eps=1e-05, momentum=0.1, affine=True, track_running_stats=True)
        (relu): ReLU(inplace=True)
      )
    )
    (layer4): Sequential(
      (0): Bottleneck(
        (conv1): Conv3d(1024, 512, kernel_size=(1, 1, 1), stride=(1, 1, 1), bias=False)
        (bn1): BatchNorm3d(512, eps=1e-05, momentum=0.1, affine=True, track_running_stats=True)
        (conv2): Conv3d(512, 512, kernel_size=(3, 3, 3), stride=(2, 2, 2), padding=(1, 1, 1), bias=False)
        (bn2): BatchNorm3d(512, eps=1e-05, momentum=0.1, affine=True, track_running_stats=True)
        (conv3): Conv3d(512, 2048, kernel_size=(1, 1, 1), stride=(1, 1, 1), bias=False)
        (bn3): BatchNorm3d(2048, eps=1e-05, momentum=0.1, affine=True, track_running_stats=True)
        (relu): ReLU(inplace=True)
        (downsample): Sequential(
          (0): Conv3d(1024, 2048, kernel_size=(1, 1, 1), stride=(2, 2, 2), bias=False)
          (1): BatchNorm3d(2048, eps=1e-05, momentum=0.1, affine=True, track_running_stats=True)
        )
      )
      (1): Bottleneck(
        (conv1): Conv3d(2048, 512, kernel_size=(1, 1, 1), stride=(1, 1, 1), bias=False)
        (bn1): BatchNorm3d(512, eps=1e-05, momentum=0.1, affine=True, track_running_stats=True)
        (conv2): Conv3d(512, 512, kernel_size=(3, 3, 3), stride=(1, 1, 1), padding=(1, 1, 1), bias=False)
        (bn2): BatchNorm3d(512, eps=1e-05, momentum=0.1, affine=True, track_running_stats=True)
        (conv3): Conv3d(512, 2048, kernel_size=(1, 1, 1), stride=(1, 1, 1), bias=False)
        (bn3): BatchNorm3d(2048, eps=1e-05, momentum=0.1, affine=True, track_running_stats=True)
        (relu): ReLU(inplace=True)
      )
      (2): Bottleneck(
        (conv1): Conv3d(2048, 512, kernel_size=(1, 1, 1), stride=(1, 1, 1), bias=False)
        (bn1): BatchNorm3d(512, eps=1e-05, momentum=0.1, affine=True, track_running_stats=True)
        (conv2): Conv3d(512, 512, kernel_size=(3, 3, 3), stride=(1, 1, 1), padding=(1, 1, 1), bias=False)
        (bn2): BatchNorm3d(512, eps=1e-05, momentum=0.1, affine=True, track_running_stats=True)
        (conv3): Conv3d(512, 2048, kernel_size=(1, 1, 1), stride=(1, 1, 1), bias=False)
        (bn3): BatchNorm3d(2048, eps=1e-05, momentum=0.1, affine=True, track_running_stats=True)
        (relu): ReLU(inplace=True)
      )
    )
    (ln1): LayerNorm((6, 4, 3), eps=1e-05, elementwise_affine=True)
    (pmdn1): PMDNLayer()
    (avgpool): AdaptiveAvgPool3d(output_size=(1, 1, 1))
  )
  (features_3D): Linear(in_features=2048, out_features=256, bias=True)
  (relu): ReLU(inplace=True)
  (classifier): Linear(in_features=256, out_features=1, bias=True)
)",47122385,"[0.6628631591796875, 0.6434248387813568, 0.6112890839576721, 0.6319988548755646, 0.6033944427967072]","[0.5, 0.5, 0.5, 0.5, 0.5]","[0.65, 0.7, 0.7, 0.9, 0.75]","[-0.050266759246457404, -0.15997375085719234, -0.041442620032613675, -0.47813082190607026, 0.02134122440819919]","[0.04559971702754153, 0.043985999772123585, 0.04190921205858789, 0.04080545253696415, 0.034785915804595224]","[0.547324925661087, 0.5574091225862503, 0.5471038669347763, 0.54136161506176, 0.5531054139137268]","[0.5, 0.5, 0.5, 0.5, 0.5]","[0.875, 0.875, 0.875, 0.875, 0.875]","[-0.452675722066862, -0.47944077495742476, -0.4520891895637089, -0.43684851013353354, -0.46801811353594314]","[0.04652324594596263, 0.04092556415591165, 0.04065312594647349, 0.0402839604789426, 0.03006805628363221]","[0.0, 0.0, 0.0, 0.0, 0.0, 0.0, 1.0, 0.0]","[-0.2668708264827728, -0.7021174430847168, -1.1772092580795288, -0.7503954768180847, -0.2838541865348816, -0.6715516448020935, -1.1734800338745117, -0.7668843865394592]","[1001109, 1001136, 1001158, 1001163, 1001174, 1001180, 1001191, 1001214]",0.5531054139137268,0.5,0.875,-0.4680181135359431,0.0300680562836322,63
